post_metadata.post_id,post_metadata.subreddit,post_metadata.title,post_metadata.body,post_metadata.num_comments,annotation.is_fraud,annotation.fraud_confidence,annotation.fraud_type,annotation.key_features.payment_method,annotation.key_features.fraud_channel,annotation.key_features.victim_action,annotation.key_features.request_type,annotation.key_features.impersonated_entity,annotation.key_features.amount_mentioned,annotation.key_features.currency,annotation.key_features.urgency_level,annotation.psychological_tactics.urgency,annotation.psychological_tactics.fear,annotation.psychological_tactics.authority,annotation.psychological_tactics.reward,annotation.community_signals.num_comments,annotation.community_signals.scam_confirmations,annotation.community_signals.not_scam_claims,annotation.community_signals.advice_requests,annotation.label_quality.confidence_bucket,annotation.label_quality.usable_for_training,annotation.gan_quality.suitable_for_gan,annotation.gan_quality.quality_score,annotation.reasoning.primary_evidence,annotation.reasoning.uncertainty_notes,annotation.fraud_labels.transaction_upi_fraud,annotation.fraud_labels.transaction_card_fraud,annotation.fraud_labels.transaction_bank_transfer,annotation.fraud_labels.commerce_nondelivery,annotation.fraud_labels.commerce_fake_seller,annotation.fraud_labels.credential_phishing,annotation.fraud_labels.social_authority_scam,annotation.fraud_labels.social_urgency_scam,annotation.fraud_labels.meta_victim_story,annotation.fraud_labels.meta_fraud_question
1qr84dk,Scams,Gravity Transformation six week shred review,"I’m sharing this to help others make an informed decision. The Gravity Transformation six week shred is advertised as free, with payment refunded only if you lose twenty pounds or five percent body fat within six weeks. While that may be achievable for some people, it is not realistic for many bodies, particularly for those managing mobility limitations, menopause related changes, chronic pain, or other health considerations, despite the program being marketed as for everyone.

I joined with genuine commitment and followed the structure, but found the accountability to be minimal and largely generalized rather than individualized. Much of the guidance felt one size fits all. There was also frequent promotion of supplements tied to commissions, which made the experience feel more sales focused than care focused.

I did not experience results beyond what I was already achieving through a longer term, free program, which was more sustainable and better suited to my body. This post is not written out of anger, but out of honesty. I wish I had put the money toward something more supportive of long term health.

I hope this helps someone else decide whether this model truly fits their needs.",2,-1,0.0,none,bank,website,sent_money,payment,company,,INR,0.0,0.0,0.0,1.0,0.0,2,0,0,1,medium,True,False,0.0,The post describes a scammy sales-focused program with minimal accountability and individualized guidance.,,,,,,,,,,,
1qr6loc,Scams,Loan - phone harassment - scam.,"Every day, for the past 3 month I have been getting phone calls from spoofed numbers. This goes to my private number. They lave a voice mail for me to call them back at a toll free number about a loan $50-70k.

I am reporting them to both Better Business Bureau scams and DoNotCall.gov.

I have called them back multiple times, told them that I am not interested in the loan and want them to stop calling me.

I have asked around on local social media, Philly and Suburbs and overwhelming large amount of people said ""Me To, it's very annoying."" And it interferes with their day to day.

Can Cyber Harassment charges be brought against them, because fines don't seem to help ?

",5,-1,0.0,none,none,phone,none,none,none,,,0.0,0.0,0.0,0.0,0.0,5,0,0,0,low,False,True,1.0,,,0.0,0.0,0.0,0.0,0.0,0.0,0.0,0.0,0.0,0.0
1qr6ixx,Scams,Mail with name I’ve never heard of sent to my address. Mistake or scam?,"so I’m the original owner of my home. I received what appears to be a junk mail insurance advertisement of sorts. it has my address, but the name of someone I don’t know, and has never been associated with my property.

  
Could this just be a genuine mistake where someone copied wrong name and wrong address for the mailing, or could something else be going on here?

Credit is frozen and has been frozen, checked the county deed office, nothing suspicious there.

Just curious if I should just forget about this or if it could be something more.",5,-1,0.0,none,unknown,email,none,none,insurance company,,,0.0,0.0,0.0,1.0,0.0,5,2,3,0,medium,True,False,0.0,The name of someone I don't know and has never been associated with my property,,0.0,0.0,0.0,0.0,0.0,0.0,0.0,0.0,0.0,0.0
1qr5y43,Scams,Facebook Marketplace scam,"Hi all, I recently went through a tough breakup and impulsively decided that I wanted a Steam deck, a kind of game console, to cheer me up. I found one facebook marketplace secondhand for €250 so I messaged the seller. I did at the start believe it was too good to be true, but after the seller sent videos of the item and the next day had it in a package from my countries post, with a receipt that at the time looked legit to me, I thought I just got it from someone who was oblivious of how much it was really worth. After I sent the money he ‘sent it‘ but then texted 10 minutes later to say his wife didn't agree on the price and that I should pay another €70. I left his messages on delivered as in my eyes it was already in the post, but after 4 days of waiting for it to arrive I sent another message to ask If there was a tracking number. He then said that his wife had called the post and halted the package until I payed more. I obviously declined again and said I would get in contact with the police If it wasn’t sent, and asked for my money back otherwise. I got no reply. I went into the post office and found out that the receipt was forged, so got in contact with the police and my bank to see if anything could be done about it. The bank said I was at fault, but that if there was any money in the account that I would receive it in the next 15 days. It’s been roughly 14 days since, and I haven’t gotten any money back. No word from the police either.",20,1,0.9,commerce,bank,email,sent_money,payment,unknown,250.0,EUR,1.0,1.0,0.0,0.0,0.0,20,15,5,0,high,True,False,0.0,The seller sent a fake receipt and the victim was scammed out of money.,,0.0,0.0,1.0,1.0,1.0,0.0,0.0,0.0,0.0,0.0
1qr5kq7,Scams,Nearly got scammed by a VERY convincing phonecall [USA],"The restaurant I work at got a phonecall yesterday by a man who said he was a US Marshall. He told me someone working there was doing a counterfeiting operation and that the restaurant was about to be raided and that person would be arrested. He sounded like a cop, mid 50s with a white southern accent. He told me I can't talk to anyone else at the restaurant or the person could flee.  He knew the names of the restaurant owners, and even had one of the owners 'call' me. His number popped up on my phone but I was told not to pick up, but just to confirm that I was getting a call from the owner, 'Joe'. This man knew a lot of inside information about where and how our money was kept, and mentioned both Joe's name and the other owner's name without me saying it first. He spoke very quickly and officially, totally convincing police patter, and acted like he was on the other end of organizing this raid that was about to happen. He asked a lot official sounding boiler-plate questions, and told me to turn off the Bluetooth and wifi from my phone, and was very specific about instructions that sounded very official.",5,1,0.9,social_engineering,none,phone,none,none,US Marshall,,,1.0,1.0,1.0,1.0,0.0,5,2,0,1,high,True,False,0.0,The post describes a convincing scam attempt by someone claiming to be a US Marshall.,,0.0,0.0,0.0,0.0,0.0,0.0,1.0,1.0,0.0,0.0
